{
  "folds": [
    {
      "fold_name": "holdout_public_target_window",
      "train_rows": 7844,
      "valid_rows": 223,
      "mae_all": 53.92755545133681,
      "mae_peak": 31.595532784895557,
      "pinball_p90": 8.75470276534228,
      "score": 38.19337811420552
    }
  ],
  "mean_metrics": {
    "mae_all": 53.92755545133681,
    "mae_peak": 31.595532784895557,
    "pinball_p90": 8.75470276534228,
    "score": 38.19337811420552
  },
  "evaluation": {
    "fold_name": "holdout_public_target_window",
    "train_rows": 7844,
    "valid_rows": 223,
    "mae_all": 53.92755545133681,
    "mae_peak": 31.595532784895557,
    "pinball_p90": 8.75470276534228,
    "score": 38.19337811420552
  },
  "metrics": {
    "mae_all": 53.92755545133681,
    "mae_peak": 31.595532784895557,
    "pinball_p90": 8.75470276534228,
    "score": 38.19337811420552
  }
}