{
  "folds": [
    {
      "fold_name": "fold_1",
      "train_rows": 7395,
      "valid_rows": 168,
      "mae_all": 199.16957336939117,
      "mae_peak": 96.31140405776895,
      "pinball_p90": 38.58854448599651,
      "score": 136.19591679922559
    },
    {
      "fold_name": "fold_2",
      "train_rows": 7563,
      "valid_rows": 168,
      "mae_all": 112.880879234247,
      "mae_peak": 220.11393564217195,
      "pinball_p90": 18.274458437483027,
      "score": 126.12951199727169
    },
    {
      "fold_name": "fold_3",
      "train_rows": 7731,
      "valid_rows": 168,
      "mae_all": 94.53784258725771,
      "mae_peak": 135.1353716263396,
      "pinball_p90": 14.867363987787009,
      "score": 90.78300557908814
    },
    {
      "fold_name": "fold_4",
      "train_rows": 7899,
      "valid_rows": 168,
      "mae_all": 45.02919192115323,
      "mae_peak": 57.886730669835664,
      "pinball_p90": 8.356303924294469,
      "score": 41.55187594638621
    }
  ],
  "mean_metrics": {
    "mae_all": 112.90437177801229,
    "mae_peak": 127.36186049902905,
    "pinball_p90": 20.021667708890252,
    "score": 98.66507758049289
  }
}