{
  "folds": [
    {
      "fold_name": "fold_1",
      "train_rows": 1015,
      "valid_rows": 168,
      "mae_all": 183.81897402414813,
      "mae_peak": 121.9247980389061,
      "pinball_p90": 41.48001250841466,
      "score": 136.78292892542882
    },
    {
      "fold_name": "fold_2",
      "train_rows": 1183,
      "valid_rows": 168,
      "mae_all": 130.12410904926568,
      "mae_peak": 200.27761018188818,
      "pinball_p90": 17.88949057439266,
      "score": 128.72323569407783
    },
    {
      "fold_name": "fold_3",
      "train_rows": 1351,
      "valid_rows": 168,
      "mae_all": 89.1412035582917,
      "mae_peak": 126.93204210445246,
      "pinball_p90": 14.588513042022552,
      "score": 85.5679170188861
    },
    {
      "fold_name": "fold_4",
      "train_rows": 1464,
      "valid_rows": 168,
      "mae_all": 36.781348368694864,
      "mae_peak": 37.63539613761317,
      "pinball_p90": 6.745108635749421,
      "score": 31.03031475278127
    }
  ],
  "mean_metrics": {
    "mae_all": 109.9664087501001,
    "mae_peak": 121.69246161571498,
    "pinball_p90": 20.17578119014482,
    "score": 95.5260990977935
  }
}