{
  "folds": [
    {
      "fold_name": "fold_1",
      "train_rows": 7395,
      "valid_rows": 168,
      "mae_all": 199.16957336939117,
      "mae_peak": 96.31140405776891,
      "pinball_p90": 38.58854448599651,
      "score": 136.19591679922559
    },
    {
      "fold_name": "fold_2",
      "train_rows": 7563,
      "valid_rows": 168,
      "mae_all": 112.880879234247,
      "mae_peak": 220.11393564217198,
      "pinball_p90": 18.274458437483034,
      "score": 126.12951199727169
    },
    {
      "fold_name": "fold_3",
      "train_rows": 7731,
      "valid_rows": 168,
      "mae_all": 94.53784258725774,
      "mae_peak": 135.13537162633958,
      "pinball_p90": 14.867363987787003,
      "score": 90.78300557908815
    },
    {
      "fold_name": "fold_4",
      "train_rows": 7899,
      "valid_rows": 168,
      "mae_all": 45.02919192115321,
      "mae_peak": 57.88673066983564,
      "pinball_p90": 8.356303924294469,
      "score": 41.5518759463862
    }
  ],
  "mean_metrics": {
    "mae_all": 112.90437177801228,
    "mae_peak": 127.36186049902902,
    "pinball_p90": 20.021667708890252,
    "score": 98.66507758049289
  }
}