policy,residual_best_fold,residual_best_fold_score,residual_mean_fold_score,residual_public_score,residual_public_mae_all,residual_public_mae_peak,gate_best_fold,gate_best_fold_score,gate_mean_fold_score,gate_public_score,gate_public_mae_all,gate_public_mae_peak,gate_public_pinball,residual_submission,gate_submission
nov_dec_only,fold_4,43.25740252644451,98.7554342424074,41.316783706789316,41.91512924166889,63.25294897040288,fold_4,31.03031475278127,95.5260990977935,29.81305826167918,35.805733408071156,34.91846395440376,7.173261856612382,outputs/predictions_residual_nov_dec_only.csv,outputs/predictions_peakprob_gate_nov_dec_only.csv
jan_nov_dec,fold_4,47.312139354632755,100.15889900596066,45.27849945767979,41.68637351764622,76.73338611006625,fold_4,33.28788070855977,93.6008794814192,31.693414130741168,36.55135828979579,40.13549025717117,6.885439543459597,outputs/predictions_residual_jan_nov_dec.csv,outputs/predictions_peakprob_gate_jan_nov_dec.csv
full_year,fold_4,32.96701437626029,98.28011971042882,35.776670773918774,49.649624925760946,31.030277246039194,fold_4,29.8890917105439,95.85061346383178,34.1804859555116,51.12922182616548,23.177655916455173,8.312891337461553,outputs/predictions_residual_full_year.csv,outputs/predictions_peakprob_gate_full_year.csv
jan_oct_nov_dec,fold_4,53.899377857004815,103.3988002656331,52.6487936884619,43.97629386613458,95.4625096919538,fold_4,36.14968379616409,98.31030130309634,36.8061618442065,41.897657009867416,47.3038684745625,8.330863984520223,outputs/predictions_residual_jan_oct_nov_dec.csv,outputs/predictions_peakprob_gate_jan_oct_nov_dec.csv
